"id","name","email","password_hash","password_plain","superadmin","shop_name","remember_token","created_at","updated_at","card_brand","card_last_four","trial_ends_at","shop_domain","is_enabled","billing_plan","trial_starts_at"
23,"Larhonda Hovis","larhonda.hovis@foo.com","$2a$10$xEUdUX350syoLudDkHy9xuwsFp5u4eJPnHmXeFTX8PYv5sHyJVtqO","cghmpbKXXK",0,"larhondahovisboutique",NULL,"2018-06-14 06:52:23","2018-06-16 06:52:23","Discover",6104,"2018-07-14 06:52:23","larhondahovisboutique",1,"Enterprise","2018-06-14 06:52:23"
24,"Lekisha Dinatale","lekisha.dinatale@foo.com","$2a$10$bOVENN/.Fmc4pKNw0xiNpOLxM5xces8/5KLR9t79.MfgnCjqFe9Bm","MFdqzRnhSb",0,"lekishadinataleboutique",NULL,"2018-05-11 21:20:25","2018-05-13 21:20:25","Via",1921,"2018-06-10 21:20:25","lekishadinataleboutique",1,"Enterprise","2018-05-11 21:20:25"
25,"Emilee Johson","emilee.johson@foo.com","$2a$10$/wKU6riCIWrMZzwM8o45yOLDiZx.CRtdd82QGE0MY6L1yxC1CYKOS","tzxoLRUjyO",0,"emileejohsonboutique",NULL,"2018-10-08 05:23:13","2018-10-10 05:23:13","Discover",8075,"2018-11-07 05:23:13","emileejohsonboutique",1,"Boutique","2018-10-08 05:23:13"
26,"Micheline Pruden","micheline.pruden@somemail.com","$2a$10$kh2A4R/u0R0bD0SjRJdkTuM/lKmu3JRrTq7IZ1MWOWybCsBo22K3i","TZucsISXhS",0,"michelineprudenboutique",NULL,"2018-09-24 21:43:39","2018-09-26 21:43:39","Via",8623,"2018-10-24 21:43:39","michelineprudenboutique",1,"Startup","2018-09-24 21:43:39"
27,"Winnie Selzer","winnie.selzer@barmail.com","$2a$10$e7ZOhwqgtscqESqh.uENr.ezDkBwgbKq0NXpNCcP/p3CiTBGqTQya","pIoBAbfmcQ",0,"winnieselzerboutique",NULL,"2019-01-04 23:41:50","2019-01-06 23:41:50","Amex",7087,"2019-02-03 23:41:50","winnieselzerboutique",1,"Enterprise","2019-01-04 23:41:50"
28,"Meghan Epling","meghan.epling@barmail.com","$2a$10$VbuKMnqA5wbdOtneRQtmYeMnr.Bre8E8IrP0JXDf/KBRbBUgwd0F2","uihFLjvBxS",0,"meghaneplingboutique",NULL,"2018-04-05 01:03:25","2018-04-07 01:03:25","Amex",4080,"2018-05-05 01:03:25","meghaneplingboutique",1,"Enterprise","2018-04-05 01:03:25"
29,"Betty Iraheta","betty.iraheta@foomail.org","$2a$10$X5pYJRMpbYtPgiV9zk/E3ervD4XHReNiyQdU9QGvk3OErYnS4k1u.","IwBbzQUzcD",0,"bettyirahetaboutique",NULL,"2019-01-20 08:30:56","2019-01-22 08:30:56","Mastercard",9537,"2019-02-19 08:30:56","bettyirahetaboutique",1,"Enterprise","2019-01-20 08:30:56"
30,"Bradly Rouillard","bradly.rouillard@rigmail.com","$2a$10$IZCK35lDqPde1FPZThxN1OV1AXJE1EnbAzW/W.VbD/9UzHuVkYnkO","TSXsfZxMls",0,"bradlyrouillardboutique",NULL,"2019-01-05 10:32:11","2019-01-07 10:32:11","Amex",4678,"2019-02-04 10:32:11","bradlyrouillardboutique",1,"Startup","2019-01-05 10:32:11"
31,"Mack Hunley","mack.hunley@foo.com","$2a$10$fDpmXiAHk6aUPjqTn6Ypm.PjnrAxK/SejWPF24pyumOnqjU5xYJji","EAJiCcaCbB",0,"mackhunleyboutique",NULL,"2018-01-21 14:31:41","2018-01-23 14:31:41","Discover",2733,"2018-02-20 14:31:41","mackhunleyboutique",1,"Startup","2018-01-21 14:31:41"
32,"Coralie Rosebrock","coralie.rosebrock@blargmail.org","$2a$10$r6pAjJWTvMqPkLmw7BVBaOuvZVNoI.wLbSOqcI1XzBNzoP90Pgwse","rYqQOYcahj",0,"coralierosebrockboutique",NULL,"2018-04-28 15:26:55","2018-04-30 15:26:55","Mastercard",5413,"2018-05-28 15:26:55","coralierosebrockboutique",1,"Boutique","2018-04-28 15:26:55"
33,"June Hopf","june.hopf@bar.com","$2a$10$uFC7pM3tsRNx.7717Sc7Se5zL6chAF2P7Lpymmy3HOxqTnNIpLkPe","MRxcilBIBW",0,"junehopfboutique",NULL,"2018-12-25 14:36:22","2018-12-27 14:36:22","Discover",8028,"2019-01-24 14:36:22","junehopfboutique",1,"Boutique","2018-12-25 14:36:22"
34,"Verline Boxx","verline.boxx@foomail.org","$2a$10$Nfb29l.DtQkmTu7QWZovJOgkahrm2uXWQID3rIkP8Jj4puxae/ly.","SppAqWIXBT",0,"verlineboxxboutique",NULL,"2018-12-05 00:55:27","2018-12-07 00:55:27","Via",8364,"2019-01-04 00:55:27","verlineboxxboutique",1,"Boutique","2018-12-05 00:55:27"
35,"Lien Siqueiros","lien.siqueiros@blargmail.org","$2a$10$12cPMAbRYntn4B2C.29vbOlGCI5IdfO8v2kmywjjorOrhbmqfnMB6","QbsazKCbEN",0,"liensiqueirosboutique",NULL,"2018-12-02 03:12:47","2018-12-04 03:12:47","Mastercard",4099,"2019-01-01 03:12:47","liensiqueirosboutique",1,"Startup","2018-12-02 03:12:47"
36,"Kieth Loveall","kieth.loveall@blargmail.org","$2a$10$95FOdOjiItWcbp0UFlnktucN9qBgyKStkJTAxfg5R8xQFbpCvJGkS","opFznlavmt",0,"kiethloveallboutique",NULL,"2018-12-25 12:29:58","2018-12-27 12:29:58","Discover",7742,"2019-01-24 12:29:58","kiethloveallboutique",1,"Startup","2018-12-25 12:29:58"
37,"Sherley German","sherley.german@barmail.com","$2a$10$0GlubmHVNVrfUd.yItCCJ.7l/DYDnKEKfHgZO.pTKaWwQeUKgtZmm","pfyiOUIqSv",0,"sherleygermanboutique",NULL,"2018-06-17 07:26:56","2018-06-19 07:26:56","Via",4515,"2018-07-17 07:26:56","sherleygermanboutique",1,"Boutique","2018-06-17 07:26:56"
38,"Abby Sanden","abby.sanden@foomail.org","$2a$10$24YIZbA0mZ9up3UarY28guG3lf33ilx63rbjWj4.Ar9Mi0p6RHPh2","AeUkEfiLDt",0,"abbysandenboutique",NULL,"2019-02-11 11:36:06","2019-02-13 11:36:06","Via",9181,"2019-03-13 11:36:06","abbysandenboutique",1,"Boutique","2019-02-11 11:36:06"
39,"Mariko Imes","mariko.imes@foomail.org","$2a$10$DbxTEMo3iOHlG1lsv2EOj..hFLuzC06q/ciDgW/9OfDu8EYzuKrgy","BSZUkcUWJs",0,"marikoimesboutique",NULL,"2018-04-08 16:09:33","2018-04-10 16:09:33","Mastercard",9019,"2018-05-08 16:09:33","marikoimesboutique",1,"Enterprise","2018-04-08 16:09:33"
40,"Sheron Adkinson","sheron.adkinson@barmail.com","$2a$10$dHe9k0F5scxRv7t1hgY22uDYhb5W6/vvH25Ow7U05sTu3Nt6ZsebO","qaFRNhisuj",0,"sheronadkinsonboutique",NULL,"2018-02-24 22:05:48","2018-02-26 22:05:48","Via",4154,"2018-03-26 22:05:48","sheronadkinsonboutique",1,"Boutique","2018-02-24 22:05:48"
41,"Perla Solomon","perla.solomon@barmail.com","$2a$10$n7v8M0.LFouMdss8lQTgFORF0NzhtAdGDEnECo7Qx7A56coeYfway","cCScTMisWe",0,"perlasolomonboutique",NULL,"2018-07-06 20:21:15","2018-07-08 20:21:15","Mastercard","0354","2018-08-05 20:21:15","perlasolomonboutique",1,"Enterprise","2018-07-06 20:21:15"
42,"Garnet Bellah","garnet.bellah@bar.com","$2a$10$KFqph7Jc3md.e/fo0HnAAOH4sMNVURZmuU4yOsg1nfUfZJD3qtv..","mOJgUVslAX",0,"garnetbellahboutique",NULL,"2018-02-01 15:19:51","2018-02-03 15:19:51","Mastercard",7829,"2018-03-03 15:19:51","garnetbellahboutique",1,"Boutique","2018-02-01 15:19:51"
43,"Milagro Tomberlin","milagro.tomberlin@blargmail.org","$2a$10$yBiPm5aO4Z.DsQ1TeZVn8.6f9LvYN.QlZyMCN4Mp5qdQT1GuiLQRm","mXDfgESwYX",0,"milagrotomberlinboutique",NULL,"2019-02-01 03:10:11","2019-02-03 03:10:11","Via",4764,"2019-03-03 03:10:11","milagrotomberlinboutique",1,"Boutique","2019-02-01 03:10:11"
44,"Merry Vicente","merry.vicente@somemail.com","$2a$10$UHqyiQE7TK5iRqzxFvVM6O1z1OQDX0hQ8o74.nrieetWSeQR8SWse","hviUssQvVu",0,"merryvicenteboutique",NULL,"2018-02-12 13:37:26","2018-02-14 13:37:26","Mastercard",4136,"2018-03-14 13:37:26","merryvicenteboutique",1,"Enterprise","2018-02-12 13:37:26"
45,"Pennie Newhard","pennie.newhard@bar.com","$2a$10$k2Kc0LVKjxuGn3jEAYhcquLeaC.Jim9QwSHzcXyoSY9zNTrWl3niW","FSZJPibpCD",0,"pennienewhardboutique",NULL,"2018-11-27 09:44:10","2018-11-29 09:44:10","Amex",9247,"2018-12-27 09:44:10","pennienewhardboutique",1,"Boutique","2018-11-27 09:44:10"
46,"Billy Schlegel","billy.schlegel@blargmail.org","$2a$10$wFPjZD6PO.YDtQc96vNy0O9kR1mrpKHT2UHnXLjTRG4p0gD8oF1A.","AYfhgAtqwM",0,"billyschlegelboutique",NULL,"2018-03-11 06:46:17","2018-03-13 06:46:17","Mastercard",4212,"2018-04-10 06:46:17","billyschlegelboutique",1,"Boutique","2018-03-11 06:46:17"
47,"Jutta Blowe","jutta.blowe@foo.com","$2a$10$EGuwS.U18JVpLU2pvjhgce/DNJzZUllnxs2rdjxB3BJunhgC7dDHi","AgGlOekEhL",0,"juttabloweboutique",NULL,"2018-12-11 17:52:51","2018-12-13 17:52:51","Via",3058,"2019-01-10 17:52:51","juttabloweboutique",1,"Startup","2018-12-11 17:52:51"
48,"Somer Phillis","somer.phillis@foo.com","$2a$10$ro7eZJw4qkc8ALjQLES1kuCCvFN4S3OyAr05mYdhhmeqfD5O3oEjO","jcsdetOQpZ",0,"somerphillisboutique",NULL,"2018-01-28 10:23:11","2018-01-30 10:23:11","Discover",2838,"2018-02-27 10:23:11","somerphillisboutique",1,"Boutique","2018-01-28 10:23:11"
49,"Etta Orwig","etta.orwig@foo.com","$2a$10$3CkJp5lnmXZqkn0/aVn6fe7Ma/vuUsaiY62Kzcwb0enDlPv6PYKe2","GSMcZKuNLe",0,"ettaorwigboutique",NULL,"2018-02-24 06:46:35","2018-02-26 06:46:35","Amex",2691,"2018-03-26 06:46:35","ettaorwigboutique",1,"Boutique","2018-02-24 06:46:35"
50,"Celina Buffkin","celina.buffkin@blargmail.org","$2a$10$VS6YsIucutgwq7AcNbEhgehYIs8DoYO4MkNCc9qe/ouw/YLn7Um.y","kiRtKyBMzr",0,"celinabuffkinboutique",NULL,"2018-10-19 23:55:34","2018-10-21 23:55:34","Mastercard",1583,"2018-11-18 23:55:34","celinabuffkinboutique",1,"Startup","2018-10-19 23:55:34"
51,"Lillian Bethune","lillian.bethune@bar.com","$2a$10$ssx.bomHxge7M12JphwjwOLqDxtHAjuyktHiQKvfPbSvWwySMPj9u","HwqatzRpSi",0,"lillianbethuneboutique",NULL,"2019-01-09 09:18:02","2019-01-11 09:18:02","Mastercard",2141,"2019-02-08 09:18:02","lillianbethuneboutique",1,"Boutique","2019-01-09 09:18:02"
52,"Christopher Woolley","christopher.woolley@rigmail.com","$2a$10$u5QQD.7CBEM/zLX4Wa88Guw8WjsDGv6BKImhCUWgMJ2jXGFauW/sa","zGfJsOLvap",0,"christopherwoolleyboutique",NULL,"2018-05-07 11:26:45","2018-05-09 11:26:45","Mastercard",9234,"2018-06-06 11:26:45","christopherwoolleyboutique",1,"Enterprise","2018-05-07 11:26:45"
53,"Caroyln Coyle","caroyln.coyle@foo.com","$2a$10$5E0i1qNfKYG/U3So2fXbv./AUYy9BdFblDX/eV/tsSHNJSBMDPJjK","HesCApvuPq",0,"caroylncoyleboutique",NULL,"2018-10-11 20:56:01","2018-10-13 20:56:01","Mastercard",8697,"2018-11-10 20:56:01","caroylncoyleboutique",1,"Startup","2018-10-11 20:56:01"
54,"Jadwiga Wycoff","jadwiga.wycoff@blargmail.org","$2a$10$SK0xVvShYJxYRERyc3nqbu.rW/dWmO1tHos6CiLW9y.SDHhm/c8wq","viybBeGdtS",0,"jadwigawycoffboutique",NULL,"2018-12-14 15:27:28","2018-12-16 15:27:28","Via",3243,"2019-01-13 15:27:28","jadwigawycoffboutique",1,"Boutique","2018-12-14 15:27:28"
55,"Maxima Legler","maxima.legler@rigmail.com","$2a$10$if/hUottl/ZyZwY4GwqaNOiiX4Vwq.NPa27CFBr2dcfNTTb9K9Sbe","dgDjsoAXWM",0,"maximaleglerboutique",NULL,"2019-02-24 20:25:39","2019-02-26 20:25:39","Discover","0460","2019-03-26 20:25:39","maximaleglerboutique",1,"Boutique","2019-02-24 20:25:39"
56,"Adolfo Simcox","adolfo.simcox@blargmail.org","$2a$10$KZ1m/nNCu7tGQcBooNEoj.dhT9LHmgdxrngmCG2eY8NZ2f0xmJMIe","zbxXxLeInU",0,"adolfosimcoxboutique",NULL,"2018-11-18 17:23:41","2018-11-20 17:23:41","Discover",8977,"2018-12-18 17:23:41","adolfosimcoxboutique",1,"Boutique","2018-11-18 17:23:41"
57,"Deja Armagost","deja.armagost@barmail.com","$2a$10$5xwD1B1R62Zheho05cgIIeTaWWOhW6KrHgQPn/8Omhz2M9UzdDiJS","UjOKgaLYcj",0,"dejaarmagostboutique",NULL,"2018-03-09 12:12:59","2018-03-11 12:12:59","Via",8778,"2018-04-08 12:12:59","dejaarmagostboutique",1,"Boutique","2018-03-09 12:12:59"
58,"Julieann Grondin","julieann.grondin@bar.com","$2a$10$7lASrNPEidrT7p1rYkQGB.3xQbLKZyjQjCkM97SKydzr77dlcZZr.","iStEiZKvjq",0,"julieanngrondinboutique",NULL,"2018-03-01 17:34:33","2018-03-03 17:34:33","Via",3085,"2018-03-31 17:34:33","julieanngrondinboutique",1,"Enterprise","2018-03-01 17:34:33"
59,"Providencia Toombs","providencia.toombs@foo.com","$2a$10$Y4cXAcpC8U/2Nt/Z7HzmV.gsPJpmLZvj.7UxMZUcYsxM4103wXBaS","hGuVoyBrkG",0,"providenciatoombsboutique",NULL,"2018-05-08 02:20:26","2018-05-10 02:20:26","Amex",1077,"2018-06-07 02:20:26","providenciatoombsboutique",1,"Boutique","2018-05-08 02:20:26"
60,"Dominick Stoneburner","dominick.stoneburner@barmail.com","$2a$10$A5hwv0aTFMkIx3.SEvffi.pNjhtMwaNHw7juQ41n0LEBs3otU3lk.","ejPMlQPsUg",0,"dominickstoneburnerboutique",NULL,"2018-07-26 04:40:48","2018-07-28 04:40:48","Amex",3655,"2018-08-25 04:40:48","dominickstoneburnerboutique",1,"Boutique","2018-07-26 04:40:48"
61,"Hortensia Dollison","hortensia.dollison@blargmail.org","$2a$10$5TRi36JjCKI8AYKG5ePu/.Lg1PCu22ZlOXaBxAXA1m9Tz7UQvOeTq","AgcGcJxeig",0,"hortensiadollisonboutique",NULL,"2018-06-15 18:51:34","2018-06-17 18:51:34","Amex",1174,"2018-07-15 18:51:34","hortensiadollisonboutique",1,"Enterprise","2018-06-15 18:51:34"
62,"Dean Cass","dean.cass@rigmail.com","$2a$10$rHtxUR05H/jD0kNcAsCHHOEhLgIUnJTuNj16yjIHqxLwkhtOdDYxO","pkYzWMiAWp",0,"deancassboutique",NULL,"2018-05-25 14:29:40","2018-05-27 14:29:40","Amex",6873,"2018-06-24 14:29:40","deancassboutique",1,"Enterprise","2018-05-25 14:29:40"
63,"Tamar Poyer","tamar.poyer@barmail.com","$2a$10$i4AYN0X0MuWZ8dm19nHGxukq3Kfd1rtqlSbmrhDsZYw6jqMiVfVqS","hdSEjsQWxg",0,"tamarpoyerboutique",NULL,"2018-08-26 01:36:55","2018-08-28 01:36:55","Discover",1189,"2018-09-25 01:36:55","tamarpoyerboutique",1,"Startup","2018-08-26 01:36:55"
64,"Truman Marcos","truman.marcos@foomail.org","$2a$10$XfErVhBA/yaLOlGisnYUy.DunPq3vEKrkSPl3DRAAOTlogxa/m0iq","AqSMUhGxgy",0,"trumanmarcosboutique",NULL,"2018-12-19 05:36:29","2018-12-21 05:36:29","Discover",2443,"2019-01-18 05:36:29","trumanmarcosboutique",1,"Startup","2018-12-19 05:36:29"
65,"Mac Santerre","mac.santerre@barmail.com","$2a$10$yJLedaSxjt9du6wGd644NuATCEoALsuRVUJ.3Vw7IXLrshmk7x4Ju","hjhHntPDYh",0,"macsanterreboutique",NULL,"2018-11-23 21:58:14","2018-11-25 21:58:14","Mastercard",3886,"2018-12-23 21:58:14","macsanterreboutique",1,"Startup","2018-11-23 21:58:14"
66,"Willetta Verdejo","willetta.verdejo@blargmail.org","$2a$10$NcY5S.DO.DXcjeWrYbJa9.c9zLpkKkrFWOW.72qXNz03WOohHcaJ.","uSJJOMdvFT",0,"willettaverdejoboutique",NULL,"2018-01-01 03:17:57","2018-01-03 03:17:57","Via","0685","2018-01-31 03:17:57","willettaverdejoboutique",1,"Boutique","2018-01-01 03:17:57"
67,"Raelene Cola","raelene.cola@rigmail.com","$2a$10$6uiTp1Q2I6IEdm7kfKtLPuyoJKgZzHN15vXZ21Eb3XrKQvuaq.aQ6","TYlONzpIIA",0,"raelenecolaboutique",NULL,"2018-09-29 02:59:40","2018-10-01 02:59:40","Mastercard",3443,"2018-10-29 02:59:40","raelenecolaboutique",1,"Boutique","2018-09-29 02:59:40"
68,"Michelina Corvin","michelina.corvin@foo.com","$2a$10$oAAeQk33JToS3K/d0KB.Ueqdb.DXp.LSnVAS0z38NMfyCz8JGbvia","hRVBnoRbaj",0,"michelinacorvinboutique",NULL,"2018-07-30 11:27:04","2018-08-01 11:27:04","Mastercard",2632,"2018-08-29 11:27:04","michelinacorvinboutique",1,"Startup","2018-07-30 11:27:04"
69,"Thad Jamison","thad.jamison@somemail.com","$2a$10$aeJ1twJbWv8xfwsMwcWPTemliK81oVTdZLXFGQgAoEGh/JjGSyVqu","rgghGCmcQd",0,"thadjamisonboutique",NULL,"2018-03-05 13:30:58","2018-03-07 13:30:58","Via",7814,"2018-04-04 13:30:58","thadjamisonboutique",1,"Startup","2018-03-05 13:30:58"
70,"Denver Balding","denver.balding@rigmail.com","$2a$10$UFm.cqogzM2CRilO7HeVNeaZAHjX6Ld4AJLpcwDYjIraYVzLtKmiC","OjfGWxeMfZ",0,"denverbaldingboutique",NULL,"2018-01-05 14:29:39","2018-01-07 14:29:39","Mastercard",4612,"2018-02-04 14:29:39","denverbaldingboutique",1,"Enterprise","2018-01-05 14:29:39"
71,"Margherita Vanhook","margherita.vanhook@bar.com","$2a$10$hBj2xp0JT7OKRuMlCy..zOuJo3AdDqmH/DWLka5QNo73/9MrZFAo6","nYRpaFjUNM",0,"margheritavanhookboutique",NULL,"2018-06-21 00:30:23","2018-06-23 00:30:23","Via",7642,"2018-07-21 00:30:23","margheritavanhookboutique",1,"Startup","2018-06-21 00:30:23"
72,"Chuck Steffe","chuck.steffe@rigmail.com","$2a$10$x3U1CSewkBhJVOrilN3JEekJM1iGOSyxCIYxsa196nyGwDa/HLOtS","iHDHOjpfAM",0,"chucksteffeboutique",NULL,"2019-01-13 20:28:46","2019-01-15 20:28:46","Amex",9879,"2019-02-12 20:28:46","chucksteffeboutique",1,"Startup","2019-01-13 20:28:46"
